ID,ppl
0,2.010086018563306
1,142.708825597033
2,38.63246662111546
3,65.16542240462071
4,24.237904497724536
5,8.889105040106191
6,36.36204132185138
7,1.677764301713763
8,1.620808577792067
9,37.724475636161046
10,14.845494928031606
11,4.660871518114601
12,5.056811980406172
13,37.85962137941199
14,76.69869991705617
15,3.9726983653728394
16,2.830824111976582
17,2.224561398717161
18,12.017107078104157
19,25.374696814409642
20,2.3537976543886856
21,54.00659551560115
22,29.351131923180127
23,8.917740797466276
24,13.59357109938225
25,4.505778673111869
26,38.05694626492348
27,14.174062064323795
28,2.8603090131911717
29,1.1953775633893953
30,11.723468345147436
31,73.20082502535573
32,1.7957293285556575
33,23.323351535007607
34,12.370520312138687
35,14.407885068955745
36,8.077371461468099
37,5.888722626340022
38,50.81281101226596
39,11.424901407007262
40,42.23019355424377
41,4.4346403584520795
42,48.3450504623939
43,4.0821194645768974
44,2.5856435117267322
45,71.89471456878658
46,29.01636091522069
47,25.02359222587631
48,5.586234478874718
49,1.779592322829687
50,5.067957708985775
51,6.54222954925134
52,20.143463788259304
53,7.012306276762046
54,18.68693276957929
55,165.62551232331452
56,19.988850565374232
57,25.82589272226227
58,2.2429033080574703
59,13.013863906253263
60,9.967932096488118
61,6.496784570513398
62,10.024599561723534
63,14.789310233671172
64,43.672229414993836
65,5.37524129387333
66,17.29987344787206
67,24.73316712827452
68,37.220765839043324
69,57.34975587049197
70,3.6391619124026127
71,3.414892306156871
72,15.654055764446255
73,14.38115727367113
74,1.8508565058257798
75,25.53383765768266
76,7.00409888713361
77,51.05416241508454
78,5.483598160617222
79,36.347315017471516
80,3.644992806931567
81,4.726611071508613
82,15.33910316880414
83,5.017274141179702
84,78.38221570739148
85,9.686208574130841
86,22.810628533965335
87,23.568147904038824
88,2.4709814063267324
89,1.0290506393912613
90,10.732266623084215
91,17.26122782337607
92,40.792042835340254
93,11.612018882751437
94,39.859752574071344
95,20.976428060184084
96,38.32740335043591
97,45.137154593344285
98,37.75737282488424
99,2.480923149763922
100,1.9990062837028568
101,13.321818135623086
102,10.879179596952154
103,72.65974973064708
104,16.322933265806114
105,12.824259782639981
106,49.36364725301623
107,11.354152652728782
108,1115.6051916400743
109,13.292413900480822
110,26.27942806781587
111,3.2535249168956217
112,93.51828570739679
113,18.681956848728422
114,29.037807841909093
115,372.5877654142082
116,14.552086348683558
117,36.80479928516988
118,12.509684271741218
119,6.222315142654996
120,8.241747515245002
121,5.590582035757562
122,6.633897455229667
123,37.10990711732885
124,3.881397738401855
125,4.087196187319362
126,23.378478834976786
127,4.108802871204711
128,2.8486662996723577
129,12.517787476813364
130,46.28041838774972
131,6.9347136972497205
132,10.060257857744796
133,56.729822211043064
134,9.332494924930826
135,17.33225717034351
136,63.40192166406421
137,2.148624067498361
138,1.3272781977913573
139,1.9278478109060568
140,5.140859397669075
141,28.845079685229177
142,13.279768638634204
143,2.6126321570900437
144,7.152894768707982
145,6.391954392800391
146,30.920860557309403
147,20.847972841315485
148,21.955048775544093
149,16.624223393346817
150,3.3051457926967744
151,15.128161087244534
152,5.320650516550199
153,7.152109482942898
154,9.836534725666292
155,13.933176764432275
156,15.134889329653475
157,17.138872426294228
158,3.546565419258694
159,21.055409826979865
160,55.63994330613893
161,9.50018075576294
162,13.743443006936
163,12.990552153411244
164,8.396750707555826
165,3.4966472828967095
166,2.999285604094453
167,2.9537509791250236
168,7.386583102547321
169,4.746687264011267
170,2.8665922385513283
171,9.192849826855038
172,9.35384855244599
173,6.815262200140254
174,16.41053986879307
175,12.684523441382494
176,8.97205230675145
177,29.120782458968947
178,2.709849849045552
179,5.565563030552568
180,17.360210119828174
181,10.748696265644607
182,76.73264697659071
183,33.90401162035577
184,2.3456413263924087
185,7.16482277224401
186,15.00987810516467
187,5.386690729358371
188,10.150062355436601
189,13.130657212978633
190,143.6107937461961
191,4.956624946266406
192,21.739707447556516
193,9.886244742308033
194,50.301446707474376
195,358.72786608289977
196,936.435450426888
197,593.9295512084894
198,3.866499283393246
199,12.571053953741943
200,2.871514215459004
201,74.69603198886182
202,14.549900735548626
203,5.039723272644536
204,49.46250154898802
205,3.8085809663999197
206,29.935462022431125
207,41.96151912131753
208,19.000819087183284
209,14.17448111112554
210,13.16084573115304
211,15.63149957801747
212,23.368470318736996
213,99.81887713333293
214,64.99781146427026
215,19.871658665762894
216,5.222030916467829
217,96.84017537588242
218,3.6971419908022636
219,40.206852344868835
220,145.8479916350774
221,8.01410586612672
222,64.52543076611983
223,4.671600074050584
224,3.0956369267817108
225,138.14195060538424
226,24.69613908951404
227,14.351823543661242
228,15.315813995022427
229,4.487200131717221
230,8.603523685411256
231,194.86052201448754
232,1.8238934728435747
233,16.681853601494236
234,7.030523961309295
235,3.010663043054069
236,1.91024764386768
237,26.62034613186985
238,1.9720133681028524
239,62.78320102871241
240,1477.9001088694647
241,1.5773987640915734
242,2.8520631794561013
243,11.998990385093823
244,6.536003496046704
245,5.926824449197807
246,289.46256238348917
247,26.6244083842512
248,28.165936096404504
249,15.682521112943697
250,31.005903973203964
251,19.783264241408553
252,32.65112079882687
253,11.73080496299312
254,144.07610723667264
255,29.052079966242907
256,8.238553067678465
257,39.3100018596124
258,7.530528643240839
259,3.1282905876212173
260,4.397594310943194
261,5.057348517745556
262,16.61596546161981
263,2.9427408577142837
264,9.52221092483935
265,23.51266865691086
266,647.5719357597903
267,5.196408408044107
268,74.73258483715453
269,418.3262199010966
270,11.051684765798356
271,54.97761265451257
272,2.68192599572729
273,70.69535963871307
274,23.242860302234618
275,25.552338915298165
276,8.956520896906211
277,48.65087435048238
278,5.970006711709772
279,8.727605355958442
280,3.0277648777047883
281,48.977557855515734
282,26.659833352539586
283,18.514232534558904
284,16.565504683345008
285,4.295492689905118
286,11.67829466701483
287,8.527374002834854
288,2.29248120363809
289,10.71939860416187
290,54.30063510000343
291,128.04077968559227
292,29.16243511813354
293,4.909718283928882
294,48.512622245639456
295,34.1654436633373
296,11.488739569155198
297,16.330780799781817
298,8.196576866955537
299,8.314944101009921
300,11.267029551845974
301,6.540148341839052
302,78.32310987879124
303,48.02685666762347
304,2.141637177704338
305,2.802543041442972
306,8.61588101555524
307,10.435186078249263
308,7.341056929761007
309,9.014495947200812
310,1.4558852957210175
311,1.2203939345408314
312,13.24589933930481
313,7.087788880601883
314,6.4307865703917715
315,98.21370869462548
316,33.62846872004366
317,4.845597309094062
318,409.83365663408676
319,15.677930287619066
320,8.598626718708866
321,9.79765543764625
322,7.621290999792062
323,12.892627616108225
324,1.9812356345034803
325,3.153608683602969
326,9.912076501647858
327,9.283681049224658
328,9.177747963253447
329,17.46025955244736
330,7.9839924463539775
331,187.54973714591668
332,2.3607028129765526
333,19.500514787164
334,8.730704251834014
335,2.533329474177977
336,19.225890229192785
337,6.712277374379862
338,8.7297967379265
339,25.406132878045778
340,2.967543011611955
341,4.087800886653882
342,3.6015968462636163
343,4.817697624029977
344,11.739220880712965
345,38.517283892641665
346,38.64696698006187
347,706.0578334343757
348,10.574421458123814
349,227.52028927250402
350,21.86028971283112
351,22.963858793066432
352,43.142732076288816
353,22.627692328210028
354,20.36611285393054
355,60.07793083387178
356,5.546223478719273
357,5.771884958069738
358,34.24262138494915
359,25.47927074418398
360,68.09234324203565
361,15.74937827625282
362,12.028770833228673
363,37.18520648040852
364,21.741169145038924
365,10.266224469421974
366,19.151593093062413
367,62.40810317884613
368,9.185335210465173
369,52.939907913741585
370,9.234382712365282
371,11.116980676845408
372,7.724159453615513
373,13.738558327194415
374,37.17369179190673
375,7.945258460977524
376,10.815863188617703
377,3.093913673644386
378,4.695428494088328
379,15.853197724773967
380,7.968288542458237
381,13.405489171901934
382,13.550709061226138
383,28.863722927306927
384,227.12431980128454
385,37.989698651856884
386,12.80856280488487
387,1.423832173912046
388,37.255115657878534
389,18.71584781529036
390,18.254437779646032
391,5.199703741582167
392,26.978754000068207
393,9.347690957495805
394,7.939490526263133
395,28.77104548653713
396,13.374717165952596
397,30.27862068320058
398,15.355118769632341
399,13.927414410892817
400,60.18043259462745
401,15.617857846323894
402,43.82214169667118
403,3.195299099755291
404,16.04966429195439
405,10.090183444109366
406,13.957804025716042
407,66.39960506866383
408,4.1505907570225204
409,33.089139357623516
410,5.781809835260571
411,5.204370228046395
412,2.270841831860185
413,5.0599982792321745
414,11.230697368766023
415,4.412159583923123
416,120.15500247797655
417,60.685615420848436
418,137.12006826078917
419,19.04100770293423
420,10.336927571725859
421,30.599890408673122
422,11.408319399992214
423,8.918474351140832
424,7.370806442221985
425,4.993464603595238
426,17.08172398290141
427,4.626385215503472
428,6.25931902835144
429,23.891265589565517
430,86.14552335099395
431,2.2973793245003677
432,6.667277139818293
433,4.092962741414164
434,29.838475448622013
435,11.239298456463876
436,14.330067510029359
437,76.22614176101168
438,26.059836259559066
439,9.419952424244416
440,250.40602159211065
441,33.74075054110064
442,5.65648609354024
443,10.968255380516752
444,2.865090411528709
445,2.8937715257486616
446,8.741251648247122
447,18.468787476404394
448,220.13329005474117
449,31.716519154052847
450,11.806628013868819
451,8.865694038091382
452,1.902405308078095
453,3.0873916484046022
454,4.479955201206114
455,291.55511817678786
456,3.1119405892441017
457,9.268582444675518
458,8.6736195902296
459,10.374646627048257
460,16.231389841240468
461,8.79721870730217
462,45.62185539128765
463,4.811998630648118
464,19.625177659585223
465,11.714932446074366
466,3.2628746602009238
467,4.673770253068366
468,16.949940608724784
469,21.1874111628962
470,11.739570741971546
471,6.057469034727822
472,3.1667766866007128
473,6.920713929398202
474,10.716628579225974
475,9.523273471413011
476,88.67066249026406
477,24.251066321932406
478,421.6841976839395
479,8.568808984149703
480,2.6718725668055274
481,5.793775093521497
482,9.487498323819292
483,1.5375518708560165
484,26.294394351202254
485,5.382722460169697
486,2.807545809306728
487,4.123597137014589
488,96.12771220479672
489,66.7941069086077
490,36.46249328665021
491,8.660070621965284
492,2.422924289936021
493,20.787187375491808
494,6.782334895788108
495,13.488778789640147
496,3.902441666520845
497,4.384691430900702
498,3.181700326119271
499,8.793618173518427
500,1.521960991365356
501,11.889858797361873
502,2.326003494574277
503,38.131694341244014
504,19.755742604482894
505,4.117613654950715
506,6.77512029304947
507,46.897395508245076
508,5.541513382845261
509,9.543247765996474
510,22.725745385981053
511,5.828001194236009
512,7.044191615949187
513,39.88777816674961
514,6.420878117773447
515,4.61745114920884
516,2.2266220707343396
517,42.87645986251195
518,3.932237858668841
519,10.606498556272687
520,8.942080157077994
521,9.107298874489292
522,112.63226796842021
523,216.93197727104237
524,296.3635681171968
525,14.359836076065296
526,31.00432943548409
527,137.61992200349496
528,120.69333957669963
529,2.8790202810315
530,23.61620066207014
531,7.50978786347605
532,9.58568951514817
533,16.280235096711134
534,29.76941407168931
535,38.39918523505123
536,12.159111702514188
537,104.43877924080375
538,24.01784285959223
539,7.2039631314312125
540,13.188179125687286
541,21.648267381295298
542,13.0430095692592
543,119.70174436589227
544,16.0314870572993
545,7.530984693206016
546,19.235403986883053
547,35.5634486814128
548,12.35324322894603
549,103.24201590261617
550,97.04800984540968
551,255.23296682599707
552,21.212931404606376
553,42.807849982753034
554,11.001849788476385
555,6.0433315470607845
556,6.048641942715517
557,9.98411281822382
558,2.1192285717002
559,97.64825470616302
560,37.609067858125265
561,2.272512157028611
562,20.92270438855205
563,395.2343325886685
564,148.90006771225077
565,7.874486358741678
566,6.184438064303284
567,2.865132763470395
568,3.735435524317545
569,5.564139412872892
570,3.5256437798744558
571,11.315766876536095
572,5.771647581455789
573,55.18410469883776
574,57.75029755707487
575,12.815111824365681
576,58.66529893478007
577,3.421402123208291
578,2.5353956697457773
579,136.78323227751758
580,6.347216569297124
581,18.794937489828527
582,21.97974852098716
583,7.660189557165922
584,9.852401145658616
585,51.23597378649363
586,26.088252045354448
587,10.972251883241428
588,164.13651187621926
589,4.549973190517973
590,568.9187344569931
591,4.090991047148956
592,3.7162622491082824
593,133.51701664751204
594,17.799466953855276
595,2.7540957849215046
596,14.00366640558458
597,35.06763527335209
598,10.630673445342541
599,41.175367226575524
600,96.37886123267023
601,3.357617713029822
602,22.990833575919115
603,6.481755440374938
604,16.553616933803415
605,8.047377177843607
606,7.0463954202085715
607,97.41915790423404
608,1.044665224002024
609,38.97115549180515
610,26.431718387133117
611,8.937195044107954
612,23.022691842860272
613,8.45064099779181
614,10.615355533121908
615,10.3441683888381
616,4.529037170486289
617,19.985262305330277
618,75.30873612178237
619,15.61763815620795
620,41.27417561736074
621,19.31837487971316
622,77.40220247195815
623,29.103430291890966
624,108.9002223464618
625,3.4863799541723304
626,199.19444987649064
627,4.889154787776928
628,43.54221787368909
629,13.477855330381113
630,12.223475988901095
631,43.503751493159896
632,37.017546174861025
633,56.021143354678905
634,42.164889706917094
635,2.6084466662081516
636,10.930679068321055
637,35.60938355645215
638,99.38862268950014
639,4.313891474895767
640,20.705355950446727
641,10.045416978784035
642,35.262815294390315
643,1.2339984765015535
644,1.2452305946778228
645,11.661622918568932
646,9.463222027977881
647,1.2586528292472425
648,6.576035332442594
649,5.226089420382339
650,1.328231997500957
651,71.89128644338163
652,9.7191939476354
653,81.14567177408269
654,1.246332640850102
655,9.578593670300748
656,19.447482895030817
657,5.239053248757711
658,11.410849238881719
659,22.99652401668563
660,17.00033616134121
661,1.9302191448292503
662,32.940685597431944
663,7.354171835230478
664,15.13794959511358
665,12.300955389297988
666,11.03574968692523
667,1.8315978489300047
668,24.614765608466335
669,8.261048555229667
670,37.4165897217767
671,92.22602901911806
672,5.601395623745375
673,8.913842281425758
674,24.0573983185832
675,13.761584908117275
676,7.482457802663704
677,14.392006453005108
678,4.100208404138901
679,31.198197093887877
680,10.826885018741239
681,5.912815653816874
682,11.193110576270781
683,7.5666833081271285
684,6.919832046275998
685,21.558496872221724
686,8.185582010522628
687,24.694802545507166
688,20.547360631322768
689,35.90418774811384
690,33.46488286637743
691,515.0832297856566
692,17.27106230829827
693,24.996914173401947
694,6.918451287619492
695,93.62001302117146
696,1.775393122479853
697,92.87551179303544
698,6.578561622314953
699,37.52626200483569
700,31.073299551157415
701,91.62603480894968
702,7.958523920457339
703,2.1115016772747954
704,5.9546747780519835
705,4.4830062122114525
706,5.72770038525228
707,1.971637859864916
708,16.884321983088018
709,2.8559696453836065
710,4.205037080473115
711,31.889253359953127
712,32.45014322560989
713,28.123715215462745
714,58.275275790507806
715,14.315940193046623
716,81.91886398490193
717,20.289523238927288
718,166.04152875608247
719,83.41177622957952
720,45.21618108436924
721,6.403577528178767
722,10.53329865998617
723,106.0644831981278
724,30.681922262285923
725,102.91334165583247
726,310.68040988877385
727,71.74119219062844
728,31.96936769780625
729,17.12906829008053
730,28.770867138743522
731,13.133738077509113
732,64.344522137595
733,40.16750166290407
734,14.516370240445664
735,64.20629563691173
736,50.464440511832215
737,90.13606500873858
738,24.701056074289767
739,16.3235598400112
740,5.825786746051849
741,30.865582359738216
742,19.12166747668843
743,86.94972898606085
744,16.525256662276554
745,7.624360627703019
746,8.310801839469436
747,94.93963351104061
748,191.18782483591554
749,6.591971413759479
750,17.081854306610094
751,25.787536172939674
752,3.6122930543627865
753,6.530691058116407
754,32.25577016549293
755,32.837344501335146
756,4.9290101757021905
757,12.526122899709428
758,5.0878198212371775
759,2.034875697707443
760,152.0913453416236
761,24.790545032108028
762,40.22537688006168
763,4.338547214514599
764,83.47722985452711
765,3.908613795478825
766,20.562562554682447
767,11.832333652196665
768,36.39464415206953
769,27.42112954724706
770,3.7792419386001725
771,69.03729026113984
772,72.27294592643041
773,10.848085565593601
774,3.2492381181353855
775,52.6028083162802
776,12.86607241660837
777,2.278663499202248
778,3.8024720614383387
779,9.178892434769546
780,48.30322788247439
781,22.509992290783813
782,56.27122567703039
783,3.3369227098487384
784,2.9031033398666373
785,60.16425007647488
786,29.798983075909078
787,162.55405141031073
788,48.281685527652975
789,176.45824197999445
790,13.301744006680762
791,15.332609485840202
792,57.85434519132774
793,147.7821135342007
794,22.061256182016844
795,4.2816927979504165
796,5.604666493276329
797,13.726516217502049
798,6.21688339744097
799,3.7322983777584464
800,4.704695144436986
801,2.175259069645434
802,30.43940864118086
803,21.765462214891624
804,11.316274091046678
805,4.928766922011135
806,7.830316641879549
807,229.65228320828479
808,4.526791729559014
809,1.5545833812671122
810,76.07200286140416
811,15.896064422630898
812,44.37555907494145
813,14.009907890404572
814,23.79044113176967
815,11.410686006541537
816,4.012638481398184
817,4.70335323767333
818,2.104867339037774
819,37.63263973096462
820,2.070416191389548
821,28.967733299391163
822,118.5899188974507
823,2.2676205583743134
824,79.00481052116659
825,8.830060440642601
826,4.041059000041356
827,4.751771310724116
828,6.044627003314693
829,23.425312695252458
830,13.19523369225427
831,15.987988336520855
832,4.6507940508085435
833,3.153056101028501
834,4.568084590880318
835,2.620119847039517
836,5.864917937489633
837,15.136296686218198
838,65.39960658864766
839,5.038695439757534
840,50.95916121181046
841,6.560053317951552
842,33.52479225883086
843,41.4675409120424
844,18.493828402611012
845,19.326178781506194
846,5.3152505385441415
847,47.19586208266407
848,15.431102368842645
849,30.581547518913872
850,69.56435879171899
851,5.818400691887971
852,2.508165354307638
853,48.68886519366946
854,10.186737662848008
855,8.501398298479534
856,8.809898352813445
857,4.845194132999609
858,393.33843936990365
859,1.635245209347204
860,9.32350342175468
861,23.052192347493445
862,9.266587208024605
863,10.757636077418013
864,10.871390615737877
865,7.463817302466656
866,13.488244948275774
867,26.35038654419061
868,2.282655314434516
869,125.73434336266455
870,194.97447123898752
871,4.865590713933829
872,1.2673059597970793
873,96.61813427116127
874,54.01427026162515
875,2.7755187442807223
876,33.61637225970794
877,26.837711257364216
878,78.9329265758686
879,4.275760754822552
880,62.8815323778145
881,22.043921391432754
882,7.156466732299646
883,86.42056381441114
884,30.8255977878647
885,4.6920321091711
886,12.589977345625025
887,11.164930520254833
888,144.5220460964099
889,24.803782233811994
890,6.6950279972024545
891,40.53428661629092
892,80.47051272242028
893,1.443339437325768
894,3.2100731988837965
895,25.186727450148467
896,263.8396946571631
897,6.097733337281001
898,30.40143301929419
899,21.71934202924299
900,9.103549726229042
901,80.98714571763824
902,27.60057271513075
903,92.63764415017887
904,722.1517784818219
905,32.926575572680264
906,11.233787752255884
907,97.57122447152307
908,13.262628709524458
909,5.958195267265766
910,1.9723425108055304
911,5.92333591210478
912,2.840765228364931
913,2.9324635076555623
914,18.476864898233558
915,38.74222955996187
916,2.9097625635297293
917,9.992866996878933
918,11.559260347783214
919,5.26150799103155
920,25.810639259169452
921,17.525567459175722
922,7.11390042475525
923,22.045224838710524
924,6.318031138595718
925,25.708860746762664
926,32.14466684539726
927,27.019475026974124
928,58.763849374854814
929,5.218128586236611
930,6.782025240721894
931,14.27685123718583
932,17.155315108047127
933,15.260366851326259
934,9.588409534693279
935,4.742525005588084
936,3.5866421641258177
937,2.539252648494202
938,27.028772352609014
939,3.3835165961523326
940,3.006622759232482
941,9.491326392908373
942,1.670939346985319
943,3.5576533027423682
944,2.4102006917844805
945,5.372267622012966
946,7.062231148576601
947,29.281704469698575
948,24.1156807345411
949,26.95432899793414
950,24.285035653694298
951,15.731664907342799
952,7.0323479116610095
953,17.317771138549002
954,56.64129969365242
955,9.655169644899022
956,11.330920265030906
957,76.73725732623068
958,15.15259907526267
959,6.462413133247931
960,23.012051058966573
961,26.765938225272787
962,52.929230899017334
963,87.5892815907116
964,19.56995898463829
965,11.73750251359671
966,6.943130293023915
967,19.355183083594547
968,5.671377472839457
969,5.606486770324779
970,57.17751335550111
971,16.998354264034866
972,3.7851614565883107
973,10.317690234344475
974,68.21047025500788
975,167.86360575883452
976,52.735828190781234
977,111.24991061487493
978,43.15499476512856
979,134.95843352426326
980,28.415460045957726
981,7.02313242194477
982,5.307608789929831
983,11.041795042600006
984,6.386649402370498
985,17.17212975234214
986,15.884183684679895
987,4.024907584619599
988,4.411934474330678
989,20.523854599953086
990,67.35008695037442
991,4.434122311393105
992,83.41507752315759
993,3.0752040090886714
994,5.997917667151554
995,7.657879596164993
996,26.285850994095213
997,10.631555505354237
998,4.767543753422771
999,10.579724741877996
1000,20.834318259786762
1001,4.359726161321088
1002,6.989377447879554
1003,43.31761892700442
1004,4.328711502327658
1005,6.64642640542639
1006,4.3821560434586075
1007,5.036375627051821
1008,3.804822189424286
1009,90.186752940935
1010,321.07955847596907
1011,31.73656427542394
1012,5.839069361878666
1013,114.66090520776869
1014,873.5445814159755
1015,41.3894014785476
1016,39.161834971076125
1017,51.07237536518301
1018,258.50658052671815
1019,22.519772725221685
1020,7.626316819820178
1021,4.803357131656228
1022,3.1476530424860107
1023,2.795999204643799
1024,11.314428802681194
1025,18.224649560582815
1026,2.710779392431944
1027,13.654634646792058
1028,12.186967762630125
1029,3.607577413261547
1030,21.623007003579232
1031,3.2780264664776273
1032,8.577457122881077
1033,127.95905366735072
1034,5.421875814692879
1035,75.49098409656672
1036,8.498818457370728
1037,25.402783415218394
1038,2.3148017740278832
1039,44.1132771824577
1040,11.120609796371266
1041,10.654918677062911
1042,2.6117390711014923
1043,4.694281729562402
1044,64.14958934204324
1045,37.56781677508067
1046,2.0088925815355436
1047,61.01197498262789
1048,33.22314541933421
1049,49.57516816475621
1050,102.02519799379041
1051,5.535558634280373
1052,7.181802992012118
1053,7.697966928787534
1054,288.78729742275186
1055,1.9700531687841176
1056,11.066737806179786
1057,27.629607934588723
1058,8.67181445594896
1059,14.968348360670952
1060,86.33065238431215
1061,18.991271933926544
1062,3.055648235047959
1063,32.37235108929908
1064,6.3794579548817705
1065,27.621091723783245
1066,3.005886660091505
1067,5.35723424369148
1068,36.414910959958966
1069,10.864552633519319
1070,2.1660267569956715
1071,13.418286139008995
1072,44.973124703635165
1073,30.418971632944473
1074,5.8375597783777975
1075,6.052011646730088
1076,19.571130145976245
1077,30.297244172406472
1078,1.8135023298507829
1079,82.53668134797223
1080,8.647501467388935
1081,7.7753975911817825
1082,18.591118268710964
1083,24.138160745391655
1084,55.53050378345463
1085,26.33410753767198
1086,10.567888685803421
1087,15.695994791454028
1088,5.131616311601831
1089,4.526084862084043
1090,5.616568456095594
1091,4.2226431800634066
1092,95.80350314237249
1093,341.77535078884836
1094,39.83017026335698
1095,26.13671288776863
1096,2.4534456444960795
1097,5.499311947358832
1098,6.930060211299047
1099,6.607774391295631
1100,1.2848523635538014
1101,49.143455344604796
1102,635.6196400287589
1103,22.430965664731943
1104,13.098058187495877
1105,29.35162877510234
1106,105.84258809539921
1107,3.559805864091727
1108,6.138361137144753
1109,4.920579690219093
1110,3.589833188345875
1111,28.78811711419591
1112,138.92990115410402
1113,18.148176017003703
1114,95.53895526761104
1115,59.44341393158639
1116,374.11649115577353
1117,1.8574486741174208
1118,162.18288418177912
1119,9.897067230328227
1120,18.401403677894944
1121,212.06424005413893
1122,14.994512164911953
1123,11.386442043459093
1124,47.24617572552772
1125,12.04644422405725
1126,5.360823280449427
1127,11.210288472107619
1128,31.81074284577866
1129,1.920672051898427
1130,4.819908667028021
1131,42.19013002011281
1132,4.372864166229306
1133,27.111887796036964
1134,9.888326249290012
1135,4.691855922327611
1136,4.161555885132693
1137,276.3700747224701
1138,4.19362292636573
1139,33.42369053428792
1140,5.782321967304629
1141,8.290149135826647
1142,7.505484799786066
1143,16.432030066051517
1144,9.246526175873344
1145,19.705572814430738
1146,18.31467561073724
1147,14.960081891296012
1148,1.7142712338885664
1149,9.978720293179121
1150,19.351551706351707
1151,60.0357480446142
1152,16.024486307917353
1153,15.688972222024015
1154,25.086015589895712
1155,5.764501271859719
1156,6.289893863364405
1157,38.29573511585673
1158,5.886591768984786
1159,6.02387697406738
1160,3.1594712627872075
1161,33.42129200288259
1162,32.28536860941366
1163,33.62474071864498
1164,5.801812485801878
1165,15.800735596133547
1166,32.5934331907235
1167,10.718327817761633
1168,60.80257622442899
1169,2.96798312005988
1170,21.54504469181814
1171,18.25388505898008
1172,415.5460621477478
1173,12.61768331754857
1174,17.566982683861593
1175,105.22192202922439
1176,50.088642165109235
1177,96.19268555752969
1178,79.78704537744603
1179,53.10867815891836
1180,69.03877165657185
1181,15.471555074172555
1182,148.45548494446533
1183,7.767932220169749
1184,167.07343987718235
1185,46.17749646646199
1186,4.235243883943987
1187,3.0892302161789393
1188,12.58002169476367
1189,35.53335254078255
1190,8.300184095208248
1191,10.431745821348992
1192,15.364358113971749
1193,19.243454237317717
1194,16.135073308790282
1195,50.82340037923063
1196,27.101553865524664
1197,10.416386725319114
1198,21.48226778012068
1199,78.08296173748472
1200,12.33829927805432
1201,9.385250098826456
1202,14.45858349759909
1203,9.739860147290067
1204,2.89670624556593
1205,5.918108719866923
1206,5.7289104259576025
1207,17.136269698226428
1208,7.677542895955585
1209,16.127685103521106
1210,18.642646066197813
1211,9.105898461898928
1212,5.432018576563079
1213,7.072860342397406
1214,7.734890439384365
1215,4.218074977961708
1216,8.438510603702419
1217,85.14449596855191
1218,4.222105606267395
1219,37.25436955116365
1220,5.900093199296437
1221,77.0970576358815
1222,7.785479520778385
1223,725.824267683803
1224,92.34827751340235
1225,42.7794861843929
1226,4.390762562025516
1227,48.18715570564532
1228,4.623565111473307
1229,21.401036794635164
1230,16.727204237493567
1231,25.707162939622798
1232,14.039242328866724
1233,12.422002074875682
1234,5.403004639476097
1235,11.013307967244833
1236,17.81179499452268
1237,5.045152456412884
1238,236.2219307297163
1239,69.53073165859539
1240,6.9460153766970825
1241,7.644121930481031
1242,89.31631430124538
1243,7.954475770799065
1244,5.359338949753464
1245,146.0924409071072
1246,90.2961363925192
1247,15.01551193182144
1248,6.140643888718939
1249,9.78239027410418
1250,15.697918408741272
1251,66.55546878255986
1252,9.096932243619067
1253,13.724772002418744
1254,34.26325822392591
1255,123.27673020360272
1256,87.93729573187176
1257,1.9185881412236683
1258,67.15293291149732
1259,104.34818202952326
1260,16.458433055806974
1261,112.72151104841144
1262,5.694497081356965
1263,10.953735860052506
1264,15.354064453497317
1265,34.4893097624601
1266,8.538663054107289
1267,5.0939620680796285
1268,111.50063275402982
1269,49.76421645759062
1270,51.916799096679355
1271,71.02090442575835
1272,36.93477462920183
1273,10.277707958592304
1274,20.512353749835352
1275,3.5909952374609295
1276,28.42569179577295
1277,9.579050424129054
1278,3.504034684211798
1279,5.955069469149661
1280,34.929295562476376
1281,3.1987786952081523
1282,7.750984385855697
1283,10.892826341708076
1284,3.788310069615157
1285,4.228468764842322
1286,49.1304280869554
1287,21.63688443877207
1288,22.4242817120659
1289,7.56491014668032
1290,4.688546517493238
1291,60.566742412198735
1292,3.0023727853844258
1293,2.4121985252653477
1294,14.439443562240701
1295,112.0523848777342
1296,38.458445968191825
1297,10.716562148304549
1298,27.5278555604975
1299,18.05526596708848
1300,21.871618104092292
1301,31.38703533866526
1302,3.343077051969889
1303,75.34113391189858
1304,20.003300663066042
1305,11.117990561207137
1306,249.58171032766688
1307,9.166870577883909
1308,38.65617301716507
1309,54.697770420264995
1310,15.957990701284986
1311,3.1763545821411125
1312,24.035589490100083
1313,13.205358220664738
1314,9.834768939063824
1315,90.02434273956452
1316,46.248761319568864
1317,33.37626983026304
1318,18.981525926960988
1319,36.84788315218303
1320,55.13839020480768
1321,9.704740515487714
1322,124.47730156902105
1323,234.29547279546986
1324,10.584498204785799
1325,20.336388794733296
1326,5.732142323259236
1327,9.812567755594277
1328,12.257661858874856
1329,410.06529941369115
1330,2.8585167262733884
1331,7.552273763041172
1332,67.61475168971486
1333,47.11691404274299
1334,9.647762440350602
1335,8.052438233484926
1336,5.236223580627071
1337,9.529798925320923
1338,40.450884144407446
1339,186.2503598327283
1340,11.700570975137135
1341,445.5149331365238
1342,31.71229238536869
1343,4.5833762706811045
1344,45.53907972076962
1345,639.0092792755493
1346,23.194505409160353
1347,17.429381887115756
1348,132.64314617177695
1349,67.66461500230126
1350,8.843466315512606
1351,53.45404064249016
1352,2.2172141831459213
1353,5.196211423448688
1354,112.46793636460224
1355,76.19754167921988
1356,3.7117546698431076
1357,35.04186847267227
1358,42.09080472857579
1359,52.52661131679681
1360,48.780424815880934
1361,14.988385917673032
1362,24.912274690888534
1363,3.839701431482371
1364,23.995028670216076
1365,5.171405396024562
1366,9.58865871792361
1367,80.11983602699749
1368,65.05213453959982
1369,2.321333089657294
1370,7.238074485807122
1371,5.31889260789166
1372,15.716429358715622
1373,15.328132055482135
1374,1.2248324678329543
1375,62.26946374487633
1376,23.112557649353562
1377,4.064884115952932
1378,6.137983565927646
1379,3.831476183548918
1380,116.01260231317082
1381,13.506043537502809
1382,9.005828001157342
1383,11.111704794131414
1384,2.3678898826839103
1385,30.74287395246784
1386,23.090339127373515
1387,52.2267604841221
1388,4.334748011920892
1389,17.030685177905916
1390,4.481393100641966
1391,115.62496646761765
1392,16.0224386318614
1393,6.404889125146553
1394,15.001846221983827
1395,47.41181503399632
1396,2.5303660570712543
1397,6.406271249581757
1398,3.1632613859299124
1399,36.23369270792381
1400,11.075567162157972
1401,14.107362242244575
1402,2.7496887470910982
1403,9.051698185801879
1404,3.6768860317280088
1405,5.061829922222536
1406,5.489353048009283
1407,24.13638252022458
1408,15.321829319363536
1409,6.72143431096816
1410,54.962278802677936
1411,7.877965993710237
1412,15.73956966220124
1413,2.1539861656847923
1414,88.66478556115494
1415,3.415208220191993
1416,2.563161616034028
1417,1.7511477707309917
1418,2.259741837449891
1419,18.282391562319244
1420,2.6360062407126055
1421,11.241956991145681
1422,9.353291036241181
1423,9.251761243856262
1424,16.28941745762849
1425,4.033625978997111
1426,15.661820702528521
1427,10.277284048735417
1428,8.42556593308555
1429,23.730964401401728
1430,25.354347404276307
1431,8.447689846130574
1432,2.1019045585309812
1433,4.1729688186529295
1434,5.700609892500793
1435,27.277546478445622
1436,5.265322874791903
1437,2.392445352337264
1438,14.966546259325312
1439,7.852972363062702
1440,2.7004508840127626
1441,13.87224669404222
1442,7.08475454074528
1443,10.0421626819424
1444,5.71173026419019
1445,7.468913786585115
1446,1.7619888595537105
1447,4.4259283114904315
1448,5.819181746253944
1449,72.52779583047857
1450,7.709299299484282
1451,4.1201669067863795
1452,6.900637529466435
1453,7.648161659080364
1454,7.353400392367227
1455,24.013096226018178
1456,35.34405609404345
1457,4.512499425243197
1458,3.461365271347482
1459,4.217220749978186
1460,8.315322755128577
1461,21.306459022871987
1462,1.3922742729268862
1463,21.97304185746828
1464,14.155096280072943
1465,4.282811268875732
1466,11.366983149618775
1467,10.384572615011262
1468,5.51408402282688
1469,11.348674923632027
1470,2.3662440890505816
1471,2.8737870336906735
1472,3.9835558477545328
1473,51.26753641982864
1474,26.739423484040547
1475,38.029617677474874
1476,22.839879089587516
1477,12.660307414421455
1478,11.654048932091293
1479,10.349242692672716
1480,15.929165866176632
1481,27.706953396324803
1482,7.136588604417564
1483,3.9841376143881497
1484,2.589733292259116
1485,1.8708509442825243
1486,2.4151238843315035
1487,172.55183914879328
1488,12.010364521215083
1489,1.678942245002003
1490,6.830049236924229
1491,4.472685711420195
1492,165.92716061844442
1493,3.011161236084449
1494,3.4215795481771525
1495,2.831177792705756
1496,64.9284233754785
1497,6.214469329059551
1498,1.3505763765583085
1499,5.091787371518634
1500,6.147283253003211
1501,27.889284316086297
1502,65.02428519364501
1503,203.15091126997618
1504,12.635435681016263
1505,14.340037065368648
1506,5.905439642496528
1507,4.025533780644045
1508,19.88344974085132
1509,14.688759318575032
1510,34.96047206913046
1511,69.06247830706671
1512,17.33874614617494
1513,6.533422674035551
1514,3.630612231245915
1515,60.02335371390361
1516,47.80429540976908
1517,7.3970972930267544
1518,4.063534807075183
1519,1.0327075186399846
1520,51.18365663468684
1521,17.875881739838054
1522,41.0101266203361
1523,114.20860206616383
1524,47.64765555040335
1525,24.965526125976435
1526,2.4698836631586483
1527,70.44231308756787
1528,2.5224643600809347
1529,3.827816187619562
1530,7.345324390281286
1531,11.974718343932004
1532,373.44811649058306
1533,36.3364149811779
1534,12.663453032651576
1535,2.820138731780329
1536,10.873715835895116
1537,12.158598597750858
1538,33.128134301011
1539,3.5851438756312524
1540,173.67637623344393
1541,21.293336718347366
1542,16.90301080585244
1543,13.528396570790342
1544,52.501445474012236
1545,11.771406897837274
1546,14.21526554181492
1547,25.68519962835715
1548,5.61627788015565
1549,1.253598356427767
1550,7.377181302059306
1551,3.464956574477714
1552,1.3146534967923
1553,8.482190911253984
1554,22.354449519754017
1555,25.5343855602774
1556,11.399042686245807
1557,4.871967027742988
1558,36.99380391199073
1559,82.96591423098774
1560,13.478751890741535
1561,21.517098425379366
1562,86.59001439024084
1563,8.079428472862197
1564,3.9026449674057027
1565,16.842761251804223
1566,9.890962353459733
1567,33.356421714759826
1568,4.892325259363726
1569,39.9998393070788
1570,17.468254054628712
1571,1.9242649592345926
1572,41.46679942125814
1573,92.75703248072439
1574,42.06281574727278
1575,3.4574747373183436
1576,6.039726914098791
1577,35.1500437889221
1578,8.708682085429741
1579,2.965034508269215
1580,16.741439747668526
1581,139.14444172985353
1582,4.412862862404235
1583,6.445499279122027
1584,74.14447031435421
1585,13.92904821945777
1586,7.70785473525672
1587,48.36738217448346
1588,177.02804300128173
1589,4.059096635984787
1590,19.44516934867763
1591,11.335819146694421
1592,43.440330870140826
1593,2.208326298498518
1594,4.5036022083156775
1595,5.6825776562569965
1596,38.344943117499206
1597,9.672954926015294
1598,36.77711596589025
1599,17.832432983083017
1600,13.145313429347935
1601,6.125481239596187
1602,9.719944761231474
1603,837.8097884147368
1604,10.010622737216584
1605,2.9971425440274344
1606,62.90426454816551
1607,80.93522158992513
1608,14.888508247624499
1609,45.294482003683996
1610,15.43301559941951
1611,6.434653744394505
1612,5.297305528113603
1613,15.06614638921238
1614,5.383118385441134
1615,5.092192248847698
1616,20.088817495210517
1617,19.19155152823249
1618,4.366488798470966
1619,1.4121742008633547
1620,10.461332220924028
1621,5.567953351174941
1622,9.526709395915113
1623,2.521511918587608
1624,148.48153761590302
1625,3.236581728277468
1626,7.668765327755002
1627,63.807785072958225
1628,2.261082950558878
1629,51.64646584688691
1630,9.000425228966757
1631,12.297257714249882
1632,47.54194242967866
1633,470.4855288391103
1634,11.720553425940192
1635,1.2080895694090066
1636,9.028924471977891
1637,2.8192022710535025
1638,1.124095106485265
1639,1.2584177899089355
1640,6.847115912574876
1641,3.6010310155857264
1642,48.28695796840563
1643,35.96904716705641
1644,3.502347528035805
1645,9.868839019415665
1646,3.8468743137374433
1647,1.8965013123571621
1648,25.363319693503307
1649,81.71833136660335
1650,10.689156255688761
1651,2.8516783339976275
1652,14.011183913442204
1653,3.0656646915200256
1654,8.07425227528986
1655,21.758639367392746
1656,1.03621698903258
1657,87.08130082500942
1658,4.238665830421528
1659,5.429216715676144
1660,2.43882141835503
1661,6.4025165374452335
1662,2.2928138156774605
1663,2.821997448121479
1664,33.355300390123375
1665,5.9018138342575375
1666,1.124095106485265
1667,21.276082840400736
1668,3.279208762536331
1669,4.21796033343124
1670,4.410845905446934
1671,3.5702170776019333
1672,5.632894942682019
1673,4.663946773135158
1674,8.16989842579625
1675,1.696783071586526
1676,6.001624696141965
1677,14.249258961331973
1678,1.3505763765583085
1679,10.29161600957855
1680,10.723864348637825
1681,2.677227654163077
1682,2.1803362028460027
1683,3.4615761301130274
1684,11.625290445433397
1685,3.2613292794910707
1686,2.611919656608698
1687,12.745909052370905
1688,4.327244698583601
1689,4.275190426923205
1690,4.706036873054733
1691,1.726730884201603
1692,9.529364967708057
1693,2.800776266898327
1694,2.1158062832497118
1695,1.2938612235784024
1696,3.8260456532666254
1697,28.056415150899234
1698,18.992064328069276
1699,7.338329680643026
1700,4.443101538778703
1701,2.8097991467809975
1702,2.0704077997698835
1703,5.5411692209989365
1704,11.725981402765894
1705,2.3307709559945073
1706,6.375936334557666
1707,16.725074740329077
1708,19.17273664632403
1709,4.753699915780582
1710,1.3176820466069554
1711,6.229852996621663
1712,5.698209492560057
1713,140.25823510563836
1714,4.186532579610834
1715,3.1023853186255725
1716,4.742991444779499
1717,19.25451448737039
1718,1.0371733838832355
1719,13.442984029102613
1720,3.935863037937381
1721,4.957363595971748
1722,21.56951973389199
1723,11.01017323543016
1724,10.21047431778172
1725,19.077933307010472
1726,1.3463134056795336
1727,131.0148791209349
1728,10.491762940642493
1729,2.53607006292179
1730,5.147557789407956
1731,43.50776568206024
1732,14.469470388702765
1733,32.466092517694456
1734,1.0346772930072798
1735,3.1635540214155973
1736,64.29830118498764
1737,7.449138319397934
1738,14.167663001885396
1739,2.739695308847434
1740,1.2677350277482529
1741,60.637945719636875
1742,99.6801797103446
1743,6.398976848482306
1744,2.8642295049634736
1745,15.876289575742593
1746,6.364432411994576
1747,3.4775159140388574
1748,5.379019370626286
1749,1.3501613791070446
1750,31.01076854315789
1751,8.932376489011778
1752,4.782052657953058
1753,13.502128473533269
1754,3.781694017126957
1755,57.28591002435349
1756,4.6360726564362995
1757,6.8611042075935345
1758,4.904620182310582
1759,1.124095106485265
1760,10.710922132201908
1761,1.7194600331318213
1762,2.3046039580218203
1763,7.734927322304062
1764,3.5846472916137957
1765,2.8661179642889367
1766,7.477198762618723
1767,2.240578619277713
1768,3.5401360656813385
1769,12.359659633339296
1770,10.946739076934946
1771,6.104504593219541
1772,13.379080129912325
1773,3.122932945377563
1774,32.0729899151413
1775,11.01489930320697
1776,3.6620962920913107
1777,226.35689650516585
1778,5.816619780660497
1779,2.935871413992005
1780,2.1898744919169886
1781,5.025413777721204
1782,3.424969927629594
1783,122.7149910900127
1784,9.179058756081792
1785,1.0430221770559778
1786,1.3109806400467794
1787,58.60121802168675
1788,22.064017756855918
1789,12.685953980967613
1790,122.26443501152508
1791,15.361603673282408
1792,51.27529869697579
1793,1.6874860060143482
1794,238.41579556840279
1795,41.12095827639691
1796,669.7395238523286
1797,5.662753188327917
1798,383.22552623511746
1799,52.21286609037173
1800,7.521610700742345
1801,1.607719922405788
1802,1.3473295897186397
1803,4.371612216434557
1804,1.1453354442628672
1805,2.3249308023026476
1806,10.945530757160927
1807,15.447114588238701
1808,9.69360831798451
1809,5.598099969201355
1810,12.788164416350003
1811,50.583537851875604
1812,9.836750487594797
1813,5.8071003300785105
1814,33.78653825221927
1815,27.82389185994523
1816,21.72122701029354
1817,3.9714828649549445
1818,20.788252953913027
1819,16.923120327729002
1820,4.208849534319344
1821,10.182235834147878
1822,15.709333974744625
1823,10.36427791721089
1824,3.020480907169819
1825,58.76382135407455
1826,8.562561837898294
1827,103.7022526796289
1828,106.72919747152663
1829,18.492351355380727
1830,19.51015513716092
1831,2.401768605044899
1832,15.124334719642192
1833,3.7924621118019815
1834,38.359582488417956
1835,4.430028169838592
1836,9.089196978703576
1837,13.239985597518057
1838,2.9377657836999895
1839,39.33620598582662
1840,3.6841447362444457
1841,11.410307860590834
1842,40.6366524568717
1843,3.1067053860372424
1844,14.37430486529447
1845,5.137242473922909
1846,6.5994464797352705
1847,9.27702109907933
1848,8.848684151294874
1849,52.43488304444585
1850,2.5711147851132945
1851,12.837003829735787
1852,10.843816284028494
1853,4.195496040422756
1854,19.46394993918345
1855,1.5433614878954134
1856,9.131180231206237
1857,77.2150827599211
1858,5.526947175937166
1859,7.548865991803003
1860,26.534403715206498
1861,18.78646571092923
1862,8.018169068958729
1863,14.540745545123055
1864,9.441467895315887
1865,5.4522590136595595
1866,18.194888260949472
1867,76.68564454223362
1868,1.8083994185018857
1869,9.590691289011962
1870,5.792319340258389
1871,2.97507310530654
1872,1.6314688334598826
1873,137.93428317038618
1874,1.577962093222429
1875,1.9234480445859596
1876,3.025515988621884
1877,326.27130634387754
1878,1.4789345902794433
1879,5.649609661427882
1880,8.380544635954173
1881,124.6122301198949
1882,1.2554897754348844
1883,20.83486466869297
1884,1.2044886724948651
1885,2.1330845434323047
1886,6.12012599981219
1887,1.1838565022701677
1888,3.871906918339428
1889,6.344415323122879
1890,2.357566106347816
1891,1.205054499240873
1892,2.0051262435566537
1893,5.803502383817502
1894,1.1851082693611161
1895,1.2321636703866403
1896,3.465943503427917
1897,3.860344877519989
1898,10.20140789482781
1899,1.2326637512298884
1900,5.797651749433355
1901,1.909118490170612
1902,1.4259443816215327
1903,5.573930987232551
1904,23.6564031216546
1905,1.7129239266525567
1906,1.8956104250884902
1907,2.9678419527646858
1908,1.291067097494241
1909,3.3549798407276596
1910,4.766094718140917
1911,1.4873745693517135
1912,10.222616850545661
1913,2.0764629100465744
1914,4.270379054119252
1915,13.890194331684699
1916,1.4467851202413131
1917,2.6444792309357137
1918,7.609545515691812
1919,1.2322555689642054
1920,19.724238100428998
1921,1.7455756411662762
1922,2.940487466963063
1923,4.390646364392873
1924,6.626412594640416
1925,1.7502610034888237
1926,2.4004779660456927
1927,6.890037992222924
1928,7.658347010306891
1929,1.7502610034888237
1930,2.043159019324371
1931,2.0051262435566537
1932,8.69574590000948
1933,13.213537154415981
1934,2.224906037715794
1935,65.20132194502547
1936,13.152671189811967
1937,3.1801751944851726
1938,10.36979721059864
1939,83.39312438697033
1940,12.182430061147256
1941,3.3799432200789226
1942,20.573179200366962
1943,6.225774920634279
1944,1.9090545399525682
1945,2.4479519861233894
1946,2.283102304976089
1947,92.32696698895244
1948,3.3757196267027862
1949,97.00683285694795
1950,22.397544452257993
1951,47.3637415087459
1952,12.45388049752534
1953,294.48452070287465
1954,42.56553927200807
1955,30.42089359237795
1956,15.453630975473853
1957,20.638588504806723
1958,8.13004930397852
1959,3.078794314462153
1960,10.306211215903316
1961,8.189675528105429
1962,13.182756311438744
1963,41.517082736604884
1964,33.42482212713348
1965,5.538849163605848
1966,176.60790961971307
1967,91.70051401265196
1968,11.358411626707875
1969,2.7643266130644637
1970,13.932558899485834
1971,5.765545195984961
1972,8.112466145345051
1973,56.138054249628254
1974,1.7629302195241814
1975,5.195758015587423
1976,4.4967810616268
1977,47.952280303001764
1978,11.906697864912761
1979,25.559041161697383
1980,8.92574510914263
1981,4.22834426070426
1982,261.983283127575
1983,10.0935471553612
1984,44.30306101077432
1985,5.687175783436298
1986,20.929504630068923
1987,513.8664395908855
1988,15.259286298154432
1989,19.488435038372042
1990,49.25742688126294
1991,5.434720167003687
1992,5.607784847156114
1993,6.740609258564996
1994,6.182322540333807
1995,48.08441842141082
1996,71.49462884985685
1997,3.601804225289827
1998,2.5973479365370316
1999,3.237309872529721
2000,22.23956524800258
2001,20.453917109975258
2002,1.171930629220502
2003,29.77302695984046
2004,8.341312588373803
2005,118.1096697939705
2006,15.196179743039638
2007,5.3928016205072185
2008,94.25746661368807
2009,11.110944489162842
2010,18.504069567401668
2011,7.523506448969355
2012,29.838895180342348
2013,44.63173819921845
2014,10.201575718365312
2015,14.37434256345866
2016,29.956502654278633
2017,38.46721273013817
2018,371.44146960145986
2019,10.758031066996722
2020,617.4326607502012
2021,46.005528663600714
2022,15.039219335427394
2023,1.6372247675544283
2024,3.457241873005018
2025,51.50568108296619
2026,4.313595787865562
2027,641.7706611532557
2028,98.40876986923338
2029,63.78071174673646
2030,376.80592623775857
2031,17.85094122035387
2032,134.76512639099687
2033,53.35831378702063
2034,5.820701842603554
2035,42.737362915323466
2036,97.51494475068966
2037,168.7753683288958
2038,374.29510481690664
2039,33.70978569010524
2040,7.862421897371186
2041,3.3038064502624604
2042,98.5704651955608
2043,10.47226990805661
2044,71.1710528042495
2045,23.374571883015623
2046,2.3858982526942984
2047,3.037452390157131
2048,1.8381743424669361
2049,1.8795945154878912
2050,3.1509120956617345
2051,1.8634478914419184
2052,3.121299424342517
2053,1.4078692683764336
2054,6.046185088732339
2055,1.4494423917208061
2056,7.879314695128513
2057,1.441378862022705
2058,3.6184609009683935
2059,1.2452178471957647
2060,2.8221727222943715
2061,1.266639706971524
2062,2.6269000365687436
2063,1.5168942497266835
2064,2.6321828733916286
2065,1.6532727926180038
2066,3.731735590526525
2067,1.2452178471957647
2068,2.4510247203077453
2069,1.2263927714020137
2070,2.614679808648066
2071,1.0469388564221136
2072,7.176713345846457
2073,1.286356225947274
2074,6.3394679392506355
2075,1.7117789716230245
2076,5.738080754805591
2077,1.241343051479047
2078,47.96701933673209
2079,2.0876139375712657
2080,4.046252994966686
2081,1.0482184466212734
2082,18.46000937882939
2083,2.0692650062269067
2084,5.945390762976715
2085,1.5183645953143405
2086,3.2807180306398633
2087,2.2115113220198483
2088,3.7362968311226443
2089,2.766297595660388
2090,4.352306724402727
2091,1.5487840944246978
2092,6.3583020398667385
2093,2.5457480078731014
2094,7.00372483788567
2095,93.15653533210156
2096,51.04510705616356
2097,3.1738492798798807
2098,59.60110659506172
2099,3.489328698637386
2100,2.0517850781865468
2101,3.5841272769323003
2102,5.132006002442725
2103,9.355157731116698
2104,64.87933892637837
2105,12.3072536718856
2106,12.35190616112594
2107,14.442266796133431
2108,6.4610566370222235
2109,10.20097740359526
2110,7.323488030804079
2111,276.47552165043123
2112,25.077691457981366
2113,5.078277982168013
2114,38.13899535753195
2115,21.13636196274066
2116,15.80289434284419
2117,22.252400578287734
2118,110.62854945961124
2119,5.73896596117243
2120,8.68459701661825
2121,8.106402878246561
2122,1.814263465393884
2123,15.759140400960735
2124,5.094638586824627
2125,6.547422587241048
2126,5.0119962440567765
2127,3.5530276270211836
2128,8.518733708309176
2129,72.697177985362
2130,14.208963058216968
2131,3.6089732173391886
2132,33.41346809048712
2133,4.764655211125146
2134,45.38916968207503
2135,34.970742575968224
2136,14.942465336641932
2137,1.7947508780726724
2138,1.5797194800991528
2139,16.942074255718882
2140,4.588833492370999
2141,2.1064040303564737
2142,1.2080895694090066
2143,3.1877295078966568
2144,5.82059845514378
2145,124.38029330566893
2146,4.282459003250468
2147,9.750508439634471
2148,8.246130598508346
2149,16.690124382630806
2150,32.25665457072968
2151,7.455003245827605
2152,63.14088983323638
2153,11.379993649427597
2154,4.116513298817704
2155,17.04620715683328
2156,9.926848189718505
2157,22.232858817565432
2158,1.7767945426520462
2159,218.19826238340815
2160,8.365191502209987
2161,39.47449036496524
2162,94.3116864299683
2163,5.399824423449763
2164,30.621157122450892
2165,3.44072228048924
2166,1.3466333464902442
2167,3.8817086843605475
2168,13.18757543257464
2169,3.469367916341976
2170,2.59570309437398
2171,10.919390164175374
2172,3.8471999215560344
2173,2.8196586979826916
2174,8.183730156534427
2175,38.163117738407166
2176,10.362056693529473
2177,5.698220361042507
2178,16.723264482179907
2179,128.11626541542492
2180,4.989750326761704
2181,142.55817691924668
2182,26.38025753039463
2183,3.6616113106060215
2184,50.49180792527226
2185,34.723806170116816
2186,12.799130039959902
2187,2.193452799381449
2188,97.368722925307
2189,18.248293511598643
2190,9.0372763608537
2191,74.60337625628517
2192,11.794209494950126
2193,269.3849340571406
2194,81.65811160918904
2195,1.6909763865289487
2196,52.22372232596779
2197,14.381095556572067
2198,2.9877403030698995
2199,8.490304259791875
2200,6.075625398779679
2201,4.965050305595127
2202,4.466467760587731
2203,134.65265230635896
2204,4.342400994427355
2205,13.200025903300766
2206,82.20463074638957
2207,19.308180197716375
2208,4.390401940672191
2209,1.0488122364723673
2210,1.2680781864040716
2211,24.924578534497964
2212,6.6422237072464885
2213,8.036379356381238
2214,29.786090959876553
2215,3.172431532138673
2216,18.331249830398416
2217,1.7919899340001542
2218,20.528650563106538
2219,7.806851422876663
2220,148.72912429834616
2221,4.2979185032420695
2222,10.05739918953203
2223,25.552789738548014
2224,72.51434392231883
2225,14.33200824429702
2226,5.16359372459525
2227,17.810181335737305
2228,23.943990021828608
2229,8.914567012819331
2230,9.163182107935611
2231,14.223917369692817
2232,10.374243452995707
2233,14.077244406504182
2234,55.6653925380531
2235,56.86038455121623
2236,6.835962111276344
2237,3.385410434954608
2238,11.707750904191718
2239,168.50156182967643
2240,10.66689289778811
2241,7.190733775076051
2242,20.888083904544352
2243,25.825874250150935
2244,27.42830234951029
2245,36.47409204105702
2246,4.58508894873588
2247,16.778029567887568
2248,1112.2848480676455
2249,18.50228732079159
2250,3.6521062647014557
2251,3.3318940337779814
2252,15.027545473916259
2253,14.490201217737994
2254,10.805798040621601
2255,7.6353024738144155
2256,22.344389280173232
2257,122.17969586241875
2258,2.695338507650443
2259,3.699669139510921
2260,6.325903632193471
2261,328.03893484832184
2262,7.909651820086362
2263,87.56869345945023
2264,6.809488180814921
2265,31.82662068857612
2266,9.193395587856974
2267,3.900641729498695
2268,14.799881570902004
2269,62.60649042892744
2270,6.414356155919589
2271,18.945663198069617
2272,39.03098254030789
2273,2.435817410748872
2274,4.781253493467538
2275,10.252424063256223
2276,34.536804969216014
2277,2.2447529678216678
2278,23.347274893455786
2279,44.252346978902175
2280,5.858343995978151
2281,72.48032761015585
2282,3.8102875491489634
2283,22.218249516324516
2284,16.473095709230456
2285,3.1830588472382497
2286,1.654119097098596
2287,5.097058757218538
2288,19.08246873418217
2289,15.787958692757297
2290,11.010165360343402
2291,1.8117054152054137
2292,9.410598440961222
2293,3.8131311289106318
2294,14.28373551468382
2295,11.879134058304642
2296,3.2392068262404954
2297,12.161257120786512
2298,10.260390909223997
2299,3.1258600854249385
2300,8.301076635255681
2301,33.31507694199723
2302,2.937423999626753
2303,12.164881997962008
2304,1.3950248191909327
2305,1.4574894369991298
2306,1.710914791864354
2307,22.06248175256873
2308,31.328802373249193
2309,10.853202641904579
2310,18.817881078173684
2311,33.558475403835345
2312,55.17949997042372
2313,19.360246000524647
2314,55.18915718579794
2315,9.023385216397045
2316,9.377482068052764
2317,147.86134079925256
2318,3.042512498469439
2319,5.30427795162234
2320,19.699536584679414
2321,40.26037815987792
2322,2.131787710564849
2323,48.04440202993964
2324,2.2705444814023985
2325,8.173949021335687
2326,38.29320607448276
2327,5.31915765216407
2328,18.506531467558055
2329,6.76563051108037
2330,22.75513122889446
2331,12.795328372871888
2332,2.6316247168018907
2333,489.09295651330643
2334,12.34610307969481
2335,6.447737141713796
2336,6.247627792459917
2337,3.7970133856144113
2338,3.4642139811528545
2339,10.967870976981121
2340,62.91992393433512
2341,15.40681761774687
2342,10.74696915210439
2343,7.109893702229527
2344,1.615738773364603
2345,6.1418372001784745
2346,11.041231687187624
2347,7.229386533512275
2348,2.0165211334445536
2349,17.032683027505975
2350,22.426548685570012
2351,26.80189656691999
2352,30.35465973229886
2353,3.613437820723623
2354,137.67177338021477
2355,28.356431865975928
2356,47.00870216268368
2357,2.977764035303465
2358,63.57393503658627
2359,33.19621696599659
2360,6.12470872161932
2361,1.9819904968685862
2362,17.909984194701092
2363,7.7696807232058465
2364,24.25808078667228
2365,17.90127109586446
2366,3.9506967258645727
2367,5.960640525896547
2368,1.9264174988258622
2369,71.4590804690656
2370,14.34947984220617
2371,28.10552314502797
2372,3.535971098729784
2373,7.469921746534956
2374,1.5442929989823062
2375,4.51991714028381
2376,16.868537188176177
2377,7.493292474229333
2378,4.259884788748121
2379,9.485455961409059
2380,33.47152974170159
2381,248.03972265492243
2382,35.55230056130895
2383,31.233407213214132
2384,15.38665721215837
2385,3.1379443493823707
2386,6.029029404558939
2387,82.533808369345
2388,3.3783999835632126
2389,56.28995767768086
2390,1.4247319635520206
2391,3.956389546328908
2392,29.141528393832292
2393,59.2173131570161
2394,1.4370848589561094
2395,3.6452174591448046
2396,17.21203263856689
2397,14.944660035595108
2398,1.9058302235305107
2399,6.277432322075359
2400,46.68374113139856
2401,43.25898683665629
2402,1.9058302235305107
2403,5.39570882838717
2404,4.080644279456645
2405,2.2556228358542727
2406,1.9058302235305107
2407,4.286952816662692
2408,37.28777245818447
2409,3.309555273135128
2410,12.276734005672745
2411,2.7797905514207093
2412,11.235874375775236
2413,24.104385364897848
2414,2.51050444833135
2415,4.573156696193177
2416,11.753697046173878
2417,7.186090952711045
2418,35.17381870681545
2419,32.428046951452245
2420,35.69658844217701
2421,31.801491379360453
2422,5.84079239254314
2423,7.303369725315767
2424,27.37812558014665
2425,16.22851091709705
2426,22.122465228624613
2427,16.037951707956182
2428,184.01667502370196
2429,28.568526810744775
2430,20.87593597658824
2431,7.596751257419332
2432,38.6234504002573
2433,6.490775859838888
2434,16.99654684546428
2435,11.750320759993665
2436,10.04235901139048
2437,6.535550045119094
2438,36.829667110125705
2439,1.2861752525204282
2440,23.36993009143152
2441,1.310975795342539
2442,1.2886684532181987
2443,11.359974282710999
2444,1.124095106485265
2445,47.917251833090994
2446,13.070587478519244
2447,4.437904917930811
2448,2.461081115807973
2449,155.6346973561324
2450,80.49791451683924
2451,10.854129044084639
2452,53.93680027696494
2453,4.6001359323838065
2454,26.521975457363574
2455,17.92220931403471
2456,2.8530932024642737
2457,18.557656689903876
2458,2.9352831512676545
2459,9.590243126081393
2460,1.4356412373398002
2461,5.971489325757195
2462,3.9145534868849956
2463,33.153339661870575
2464,16.96350823856986
2465,18.657844424428575
2466,11.768078833170172
2467,1.5642704575498152
2468,17.772438002382597
2469,2.6398474347020087
2470,2.3958121010123734
2471,256.84061442714847
2472,17.922606706294516
2473,17.393685446047847
2474,6.835513110509799
2475,9.974874010030753
2476,10.380282809844621
2477,11.142762733924105
2478,63.50358392019778
2479,11.387403101739157
2480,83.22798525399739
2481,15.351260617754939
2482,12.690530976498255
2483,4.958550984409542
2484,22.544242407051303
2485,112.26609766179118
2486,2.329981719078006
2487,19.776841142002937
2488,12.227495474534987
2489,107.91681745252481
2490,175.84557740723736
2491,3.9414376920369394
2492,6.120223034172449
2493,3.6206554333955085
2494,1.7471144075995833
2495,2.9747145693413484
2496,113.55750282328526
2497,130.07120698146852
2498,81.27865331469783
2499,13.812821272302001
2500,269.16139062837897
2501,294.47061933596063
2502,11.718871319245926
2503,21.936144700848452
2504,26.64998941722495
2505,3.447758069873841
2506,29.845405334918038
2507,148.39320361194947
2508,23.497929874256343
2509,109.02554394698409
2510,118.30514594308504
2511,9.291628348867459
2512,35.444011187866714
2513,9.28527262170685
2514,3.935190744033426
2515,25.11745930768788
2516,41.956877333798616
2517,18.621292376469203
2518,6.926042265969947
2519,45.088302151498375
2520,88.3056389220021
2521,3.3459520573305483
2522,6.023397300967178
2523,28.703352873742464
2524,37.552996086871914
2525,9.953455230270672
2526,8.148525342274112
2527,19.932138164144813
2528,17.987362326386897
2529,4.377281688724986
2530,12.231344226096432
2531,8.156012290591098
2532,117.14572521769936
2533,15.795364497817834
2534,4.464803117078876
2535,10.113022384641768
2536,6.985890548109219
2537,4.191229998080589
2538,6.724019664461265
2539,8.345388479130332
2540,5.665621538762953
2541,17.810211059709
2542,6.239792460557886
2543,19.662471983045705
2544,3.5475087747852383
2545,1.4999293523503565
2546,2.337536111206865
2547,5.629583439494707
2548,4.682901490206762
2549,10.586539946372865
2550,3.127896061767448
2551,4.924705067623598
2552,2.460126483649006
2553,14.915745107735058
2554,46.06884989713262
2555,3.6498617774154103
2556,10.550721621617466
2557,32.95152544719263
2558,16.964410167209596
2559,16.021953493230587
2560,5.83373571668362
2561,4.627766949576709
2562,12.95300046475183
2563,39.15037092505639
2564,16.44537133414075
2565,10.075740422111888
2566,3.2734322656668766
2567,3.9508827593456983
2568,2.733856104891356
2569,1.998152041201851
2570,25.23005460196427
2571,114.19117654597882
2572,3.515683146330047
2573,39.79873108923227
2574,37.70033389456648
2575,8.065324974026117
2576,13.355913399588903
2577,36.675473700972326
2578,10.028421981493208
2579,606.0302908902989
2580,1.2644894936189417
2581,68.37488827098727
2582,300.2330028406038
2583,16.992636832968167
2584,1.6420060917169848
2585,1.7046473830570463
2586,7.640115301859924
2587,7.849715246262349
2588,3.1716797928003375
2589,4.018444030527348
2590,5.205503839239441
2591,26.882801699413992
2592,21.696590170951257
2593,25.11122009807508
2594,9.639482953885329
2595,19.096655155062233
2596,29.484997330316883
2597,7.924992638879632
2598,13.202424235294618
2599,3.049688541340193
2600,7.145369464061616
2601,3.487961288860628
2602,3.0608550511748147
2603,3.604265777050089
2604,48.07415904029518
2605,8.225648411440243
2606,41.33496593427028
2607,59.0466972382767
2608,2.751761806694959
2609,3.684399471931168
2610,40.01715217201042
2611,20.317333139380455
2612,214.67307861290328
2613,8.351803732751774
2614,16.79873533728782
2615,31.62512297672834
2616,14.522840239221196
2617,2.530570579385186
2618,11.792544932891902
2619,37.80716901596014
2620,14.26426248421025
2621,8.502044901393647
2622,14.244405063581864
2623,20.32014771556985
2624,27.489894234222938
2625,151.554827377217
2626,15.985789059891331
2627,3.5841439401604225
2628,158.89468054277447
2629,12.448195707497694
2630,26.004399460306523
2631,21.49492228208165
2632,1.7586707492515052
2633,5.537433039190716
2634,2.8486336994602657
2635,55.10937143887087
2636,8.612576463984272
2637,65.62123859479665
2638,3.834877264214999
2639,14.150824379981348
2640,1049.021033770767
2641,6.9901381997095156
2642,1.2936090652996437
2643,21.53492769218765
2644,16.14700696051833
2645,100.27791108001345
2646,166.6412496544278
2647,2.296539658824877
2648,5.702798513939409
2649,55.72421706825921
2650,2.70524061109806
2651,12.353255009922439
2652,33.80337004546973
2653,6.437930736663719
2654,19.135157639061262
2655,21.013569586081957
2656,7.493449691411318
2657,4.038020415528377
2658,6.702040665230805
2659,6.608709466954999
2660,97.25564110725703
2661,18.430342685454516
2662,24.32230552698023
2663,2.991071245805896
2664,12.220844655853114
2665,18.4251802986529
2666,4.988573902423251
2667,6.571066345468232
2668,14.316718420633645
2669,2.117706380871408
2670,3.09067967865175
2671,90.15373161234531
2672,8.854394816285378
2673,29.863235485141814
2674,297.7356739840248
2675,2.498388284522897
2676,14.845151606146295
2677,2.1862918575048735
2678,2.7223276147743785
2679,8.733541882019018
2680,12.213187000718674
2681,1.6937288823039076
2682,6.0365058111360685
2683,4.582793865510185
2684,7.556410879444324
2685,40.378376283559675
2686,5.801627823545498
2687,2.4801141122079633
2688,9.484128548554724
2689,1.922459358604653
2690,1.3671771016625636
2691,1.5577566665323506
2692,1.4672187201438396
2693,7.771739052462597
2694,2.270707565930686
2695,1.651366105538069
2696,9.01367283225281
2697,1.597858917845621
2698,2.779684844213328
2699,1.8814340935385352
2700,2.7953943141067192
2701,1.3705032482625363
2702,5.626651502182659
2703,2.850274020752006
2704,5.313000371015351
2705,2.8665717351592033
2706,2.2966673755498084
2707,1.8300803357168316
2708,2.8924178570045167
2709,6.142579659397003
2710,10.326613793741187
2711,32.4645057499444
2712,8.846167648192754
2713,1.5856370590855304
2714,2.161692645954924
2715,1.6779196128546459
2716,1.4479080782897475
2717,4.4333622661751555
2718,8.678944132468363
2719,4.853522652963204
2720,133.34395772080381
2721,2.179685209644441
2722,17.073222509617214
2723,60.54055348653479
2724,5.199523987322516
2725,1.7316362694552438
2726,30.624741952784078
2727,5.804384535885767
2728,1.5427813145052571
2729,7.802566029222672
2730,1.5733534249886354
2731,2.238863573377455
2732,1.7830434280734395
2733,1.4800463322614013
2734,56.553670376751334
2735,33.399784632328995
2736,2.5484048153649943
2737,2.8121437987488336
2738,2.02276211031013
2739,17.953125376661532
2740,5.322535269338703
2741,4.9749291295032245
2742,3.6999637625744843
2743,13.610554606993448
2744,36.39027112650245
2745,3.3009023371137443
2746,5.414033656028249
2747,23.60830233411324
2748,1.8950899645846293
2749,3.873308951927186
2750,8.311725246262789
2751,3.6486998171799065
2752,1.2859431408734763
2753,51.902851044153266
2754,540.1651280827506
2755,60.91807764182388
2756,5.935033678472296
2757,202.97516845574705
2758,78.27942564374082
2759,340.92569906110305
2760,21.23487231071595
2761,9.552146010958124
2762,27.200148091604706
2763,6.986365250574883
2764,15.37096052563965
2765,11.188372065116463
2766,8.113736989737584
2767,5.756629483042514
2768,3.433248160863219
2769,5.0740203290073405
2770,9.753931002062409
2771,4.2568937765775745
2772,8.62409756699671
2773,59.04945655736036
2774,5.103071022406584
2775,1.958876489915451
2776,33.81188179206264
2777,308.48485933932903
2778,10.775884845699396
2779,5.581819104145291
2780,10.749290825910622
2781,16.313685338099255
2782,36.750636324683164
2783,6.180257838425027
2784,7.370409294714825
2785,18.563564324357134
2786,11.659079178018205
2787,3.755140122687563
2788,12.566834642646308
2789,8.73683452184287
2790,10.444644542744513
2791,56.79199213995032
2792,40.115237452158716
2793,6.610050471883273
2794,43.86907839231831
2795,23.186875263044307
2796,15.878117933774123
2797,1.9014355984907023
2798,2.63576051927686
2799,1.5862282431464156
2800,1.8632690770809803
2801,1.2029396559465229
2802,1.4154756238474029
2803,1.5964221573045527
2804,2.5233255649023953
2805,4.694016485713074
2806,11.405322402978854
2807,3.586197100673987
2808,11.365872062936727
2809,5.6784909206565
2810,4.816526165282987
2811,16.716989906017886
2812,3.8847644050604457
2813,18.45919517308262
2814,7.91860315427593
2815,28.81513126988538
2816,108.810009438388
2817,7.791839612353332
2818,40.51469250407899
2819,125.2939688865316
2820,310.6282675896084
2821,7.531160656875345
2822,6.146166547022689
2823,13.26958389615178
2824,4.854654497151155
2825,41.45509551007922
2826,3.2109197777430065
2827,4.35948397859398
2828,4.062721562231789
2829,257.6124828735065
2830,3.3463756825643345
2831,1.7695962772225104
2832,5.274621927894012
2833,5.901294636433193
2834,5.942244055859312
2835,33.47193673613861
2836,3.6481035372383093
2837,5.089898774094499
2838,26.764853392774498
2839,45.679061253701164
2840,3.7227101311205506
2841,20.061301249782538
2842,12.525513676598685
2843,138.9833064491353
2844,3.2010083114651398
2845,2.2244717668491707
2846,4.733193435351942
2847,9.134269977872128
2848,34.72837636873691
2849,7.43035938032859
2850,31.127695510946012
2851,15.441197335143352
2852,3.558119425024911
2853,12.831860025237754
2854,15.59923240594417
2855,26.861492620060226
2856,60.6821719969338
2857,49.521193627829824
2858,3.6981152588291466
2859,5.009166199644401
2860,10.368746514097449
2861,3.3737137710274263
2862,202.0249276928921
2863,2.261683570098424
2864,3.4362654339569754
2865,51.63169178803036
2866,6.125085476249176
2867,3.483366845776351
2868,72.53713409757282
2869,71.52661363761109
2870,26.66562447925498
2871,300.3985440246942
2872,5.379786976597131
2873,1.6375664036892124
2874,4.499570500549605
2875,29.912895662626653
2876,3.563582140619308
2877,13.833452304347329
2878,30.233823952617634
2879,1042.66665351596
2880,4.248563840941538
2881,5.077616347216998
2882,118.22647696682755
2883,12.48543588344959
2884,302.24859116879804
2885,23.320860465338324
2886,4.330546351518948
2887,6.090575332549036
2888,36.092052304639964
2889,3.040070722921251
2890,4.7912303807184
2891,22.342881700169176
2892,63.282012599572724
2893,66.15054669885801
2894,33.44946368960777
2895,64.49442395043586
2896,87.4175420470673
2897,16.095851888262736
2898,23.167125956564057
2899,11.155535211778735
2900,20.343701757252415
2901,1.620545874390817
2902,3.535070002517359
2903,12.84316319432424
2904,81.54146001874255
2905,6.190352838285515
2906,21.437279214853515
2907,15.939267442186491
2908,5.251371220169549
2909,25.3111387098437
2910,23.706681798734866
2911,58.94348443678549
2912,14.979461948194878
2913,3.4616644387741107
2914,14.196606786732291
2915,56.75834101214078
2916,19.264189383056095
2917,21.080866568168517
2918,739.9037986580771
2919,3.0457102527303426
2920,96.25242455721144
2921,61.79253935314637
2922,135.0150762199498
2923,2.590567588775268
2924,10.223445553140115
2925,2.9363876845191283
2926,5.415933410597194
2927,5.561978810499048
2928,18.89969536064948
2929,10.844617777501071
2930,8.373843766144557
2931,7.195418196224445
2932,2.3605905299825514
2933,4.906441787139634
2934,3.005853335622201
2935,2.252093579458293
2936,2.1569020220279267
2937,1.430165457748461
2938,3.0043458794526736
2939,1.5089263644211874
2940,2.618345092897984
2941,4.2060818766905905
2942,3.230952730336526
2943,1.7512505846418054
2944,6.125292117020718
2945,1.2287213089442968
2946,6.156696110554944
2947,16.355371562473266
2948,52.98007327180831
2949,27.2662912878546
2950,17.00751183221
2951,8.386926926569437
2952,21.65037847602539
2953,26.18945941772282
2954,31.003028469341718
2955,30.54534623585597
2956,6.359410286632726
2957,37.586863897999045
2958,269.9314117767663
2959,65.890607885416
2960,31.904485786725534
2961,9.39354413618243
2962,11.768182645587526
2963,115.24554975494408
2964,4.257886994158653
2965,21.046732034162858
2966,7.188754767424543
2967,7.718728693451746
2968,39.18160619669916
2969,90.21045147567682
2970,70.74091675684332
2971,18.84707513471479
2972,114.52845058917163
2973,7.896369923846999
2974,3.936618508645459
2975,27.141379563299257
2976,7.552127915656727
2977,22.11468157393402
2978,156.2986035423331
2979,5.923868347999156
2980,2.125591920531013
2981,17.298417521369718
2982,2.3052389469786343
2983,9.190147800975193
2984,11.777383500115123
2985,3.587290405272955
2986,140.17719955424593
2987,5.87142856271331
2988,11.59676605261233
2989,7.978571124739534
2990,31.617078801945834
2991,17.120184054289588
2992,10.866112112774376
2993,4.610729631812742
2994,42.45399222787723
2995,42.47107117351716
2996,1.8656402609478813
2997,9.275063850019766
2998,7.4327495663756995
2999,10.079822660930278
3000,4.4123557752476215
3001,70.66121947818556
3002,37.58733885555409
3003,5.037519486087078
3004,2.55708451401723
3005,9.278706654598125
3006,7.745076802466479
3007,12.58376839190174
3008,4.718537452977423
3009,30.903843045343976
3010,221.62762139208832
3011,5.27892771040679
3012,19.745632530134188
3013,12.831707058457786
3014,15.320799205518574
3015,23.51656505037111
3016,20.32790071543597
3017,12.499398735510374
3018,92.48965018367778
3019,7.4189824389815895
3020,11.026494631354403
3021,5.250014826865835
3022,4.645626422972751
3023,3.5263486758064624
3024,2.9676813344850053
3025,24.902707914613988
3026,18.062365830864174
3027,115.02484884272752
3028,18.50576815523808
3029,4.084782179917301
3030,1.5355571327332518
3031,5.273742961200085
3032,5.81149715443291
3033,12.668194067812996
3034,2.40612465323999
3035,22.522919256500575
3036,5.835132318295136
3037,27.118552976261707
3038,14.231654905975486
3039,1.7943242035745541
3040,123.22136912208344
3041,5.816194744987055
3042,4.801975634999922
3043,5.6257635004169
3044,38.23228570174317
3045,18.731387201277933
3046,47.750040251839785
3047,17.496726684489932
3048,2.9071483333017087
3049,8.605979369955993
3050,18.095098282716776
3051,62.92604475380651
3052,5.486197871332426
3053,9.499544306576077
3054,11.74952516241187
3055,6.373687681558711
3056,80.12335088266683
3057,2.1941613937366093
3058,28.99281454952932
3059,3.8094577765183337
3060,7.9937349525620185
3061,59.20669699097369
3062,148.45548494446533
3063,2.6002092356460653
3064,22.30565068262381
3065,29.046192990496248
3066,121.38587415728558
3067,47.11292630207107
3068,87.78965225657858
3069,244.9402327034854
3070,21.587423318516134
3071,60.07051161806017
3072,16.727973953922064
3073,29.311746451673404
3074,21.663653666993053
3075,11.887367301554171
3076,24.48724922096676
3077,17.2997043396375
3078,40.20420667918954
3079,25.6698334163354
3080,17.650081724745323
3081,18.689320969382738
3082,66.16603614403869
3083,45.21748552888011
3084,24.866469472936817
3085,11.69366030492513
3086,29.484927032689
3087,190.514480122507
3088,2.1375824683678806
3089,24.600813991564713
3090,37.654062755378746
3091,58.271857989258585
3092,59.13522862312566
3093,25.4758994912372
3094,1.768137826872656
3095,73.08565982198128
3096,22.973463969867154
3097,25.47056714079961
3098,262.5218809372722
3099,7.767048857165315
3100,3.670117611021168
3101,53.90463531421449
3102,12.66677157092158
3103,696.5384719486027
3104,18.90879975063273
3105,43.46324655636815
3106,11.446418732084776
3107,22.448369323288635
3108,11.259945401773795
3109,39.0939957945674
3110,9.265734447214484
3111,34.40786787183716
3112,6.096749185363316
3113,130.1055721430774
3114,1.187452551097814
3115,59.933006883660674
3116,6.807778029395635
3117,10.651619298595213
3118,14.31522002889
3119,16.33689873066407
3120,25.705980057242712
3121,14.60090394415093
3122,13.789133620609068
3123,297.51527396535175
3124,12.573445925192138
3125,31.878793360928146
3126,13.236201304834486
3127,30.892137430800755
3128,5.812263424544812
3129,4.4028607722254245
3130,3.0031234179967083
3131,10.938442721355472
3132,5.925336678449447
3133,39.9115126438764
3134,7.216887316783902
3135,12.4211935745369
3136,23.829633441223148
3137,90.63977713819811
3138,39.557794198129514
3139,25.704748201328357
3140,9.243114172006477
3141,60.6226808245608
3142,8.57672503512482
3143,5.453655956462383
3144,22.059531030692764
3145,60.188841188082044
3146,6.9618064342737425
3147,4.041701681325678
3148,22.77046271154567
3149,1.489243159098544
3150,8.236208117870023
3151,11.525601516023226
3152,12.468482848932238
3153,7.339652493020628
3154,18.644344039235822
3155,2.269406734562403
3156,145.2619973158863
3157,9.80649162059909
3158,29.03341197259302
3159,21.358545387271825
3160,2.507792832198553
3161,4.196520956758204
3162,47.140161986424445
3163,82.80501667854199
3164,16.488589091875
3165,2.3016538718088055
3166,1.875411176467183
3167,133.28108860928177
3168,7.306421919372853
3169,91.45030479108185
3170,16.84107477281766
3171,48.87755180408909
3172,88.75408075653709
3173,8.376711202160106
3174,35.29911992151307
3175,8.974510473887882
3176,11.361631962149255
3177,8.503516663772517
3178,11.702482030138512
3179,4.307984151248381
3180,11.414225951454837
3181,15.89168767103681
3182,96.69284442113103
3183,3.10474464128364
3184,243.21796007755384
3185,41.87686730641288
3186,3.88384803824762
3187,2.051562144835143
3188,10.518228889013642
3189,5.1234225346080775
3190,6.308543833065489
3191,5.1100466790078904
3192,1.656806561795999
3193,10.805970654302266
3194,2.5064549296780534
3195,34.684735671178544
3196,4.595579516333064
3197,10.206370800201043
3198,3.9806070046700546
3199,28.48036186085733
3200,53.34872255267239
3201,36.21729136739046
3202,6.444585759794052
3203,7.007072788261594
3204,10.59570108081318
3205,10.5614858513368
3206,14.704435953265454
3207,2.8885056110731173
3208,4.669436469114128
3209,495.6796029287788
3210,7.949699934641527
3211,41.97774940551412
3212,39.30615943115424
3213,6.681130593932039
3214,12.760534360809643
3215,3.4178885580735208
3216,21.031327605277895
3217,232.83349437644065
3218,2.0788980878886334
3219,16.071509545480367
3220,5.327710827046766
3221,249.3023127332984
3222,17.947720097562623
3223,6.3315317687012005
3224,7.747614405550262
3225,73.46546231870639
3226,8.037818417843663
3227,16.81625489762492
3228,194.65946107839434
3229,65.38186475192427
3230,121.52237706405191
3231,8.846484017458021
3232,74.16250347462577
3233,12.02467332725714
3234,26.89795769571808
3235,35.97892771774447
3236,10.926557031971194
3237,7.946853619355016
3238,3.8098919426114213
3239,10.94470614897098
3240,4.079996864930874
3241,6.5258434630329765
3242,6.44011990798301
3243,23.363406394452294
3244,18.99648875894007
3245,43.21880252971431
3246,23.546849965244796
3247,3.2953472802550268
3248,4.49407156861423
3249,17.783653380986554
3250,49.41119420943841
3251,1.3030839985257796
3252,3.4454855516509486
3253,33.75508069857512
3254,4.903300745438553
3255,13.590152316664936
3256,25.30199184005573
3257,22.21217970455475
3258,11.705825034326164
3259,2.387483289663191
3260,8.425274660458934
3261,5.753858411864234
3262,2.686688790789307
3263,3.286598670934329
3264,12.598985620380075
3265,5.301393463667084
3266,42.739940906554
3267,2.3142480169035733
3268,23.67885018599983
3269,16.51508296068639
3270,26.093116479366397
3271,27.860946007558077
3272,8.469772903521505
3273,6.1863566667479395
3274,10.717070610843063
3275,3.971718170437894
3276,3.0653507811378495
3277,16.299782464845585
3278,9.483631099261402
3279,4.703390242923171
3280,10.08214683967611
3281,2.8719013954921
3282,13.161692961759671
3283,1.0280229780196457
3284,1.4082204567796177
3285,4.053281156765813
3286,2.843488227313548
3287,3.792919209124098
3288,2.0656244437088347
3289,177.56140996074387
3290,43.89815414962051
3291,27.71465689101413
3292,38.04172400551994
3293,9.753412425251659
3294,14.43070192509461
3295,16.51364977192526
3296,2.7918725534463413
3297,31.984257108181534
3298,6.0739663205121115
3299,17.113662628286967
3300,6.831742179556039
3301,68.59535042225053
3302,285.8755793059852
3303,26.370642570992327
3304,9.610211242785033
3305,75.95094426953987
3306,3.101142558389564
3307,30.397359766438118
3308,6.879339103700581
3309,5.775953527638411
3310,13.068530901540651
3311,19.02400493050147
3312,16.587229450248778
3313,4.707494585379204
3314,19.04092598796955
3315,5.632228860609771
3316,21.05036031166619
3317,131.52640251998994
3318,2.8359341589976896
3319,1.3122958966756952
3320,17.033950077953918
3321,6.540343256352837
3322,8.863899649202413
3323,20.352026603149657
3324,45.46817126110033
3325,212.27801452257694
3326,111.6219741294111
3327,89.12197793538753
3328,13.118988420954818
3329,57.99175394207764
3330,1.8276762374490194
3331,8.753552179631347
3332,5.097417263710311
3333,19.22990606560233
3334,4.2220915134930435
3335,39.42028941239646
3336,13.807523476272499
3337,1.6368723729206236
3338,21.932389893404622
3339,22.708695165951298
3340,152.61571682341142
3341,8.016102808644295
3342,15.364013781877784
3343,36.202338851102176
3344,14.701557964339369
3345,3.8669666871916246
3346,4.3596523617258365
3347,1.909693227928974
3348,6.405336564832093
3349,2.3497882903616536
3350,9.738562144326417
3351,4.146990750203666
3352,4.936226869619702
3353,8.041354889481587
3354,16.1912857488387
3355,2.5609886831041537
3356,6.916360053812008
3357,88.1077036169755
3358,40.60418946806134
3359,2.8041862394017154
3360,18.127073207545184
3361,48.349050274154855
3362,3.9205190294985024
3363,2.6975119168842103
3364,51.317822589173836
3365,29.66064409885195
3366,15.883536106430498
3367,39.741829774458964
3368,6.592606390316821
3369,23.8916187517146
3370,197.79477728108708
3371,14.338881513163289
3372,23.21956431062961
3373,6.5627534040781885
3374,40.731487731854564
3375,114.41011420624062
3376,92.01149624640856
3377,4.390574134981933
3378,34.63914291216522
3379,17.194047455867647
3380,6.927882055313207
3381,15.284355168254885
3382,117.59003372865548
3383,28.234347041282085
3384,296.2022278513806
3385,2.1216376466710822
3386,11.724371194841648
3387,12.011968184933243
3388,12.20125715507209
3389,72.78517558543984
3390,1.7646340549445036
3391,50.52604408725239
3392,8.68717732918926
3393,13.549284379431933
3394,63.267047462687486
3395,5.146917192549258
3396,5.837136691767316
3397,71.14909895029547
3398,108.80295335401037
3399,65.59589806645768
3400,185.76103295742982
3401,22.681050986556965
3402,39.05744764614192
3403,23.403284531458528
3404,11.385823099714031
3405,20.008394772898654
3406,62.27388806877189
3407,20.644144635863796
3408,31.172278197171188
3409,162.2545120428075
3410,78.911249977052
3411,6.063898470893894
3412,18.02950345114695
3413,5.839900530174263
3414,9.817261911950432
3415,26.93476767236571
3416,49.19774540732038
3417,145.59700861604102
3418,23.03670962129353
3419,57.434811787035876
3420,7.484807642879127
3421,9.943038079936116
3422,33.7586299818868
3423,7.117398613969339
3424,4.901842003051279
3425,4.5129970396401005
3426,12.634806079474881
3427,4.831204293642355
3428,167.3296055663753
3429,7.532180608913382
3430,31.480497856985437
3431,10.04744336502037
3432,47.282855467994224
3433,15.419547086243323
3434,28.70564550852142
3435,64.47483704909894
3436,9.184722043652604
3437,2.639536063020024
3438,23.659370013972932
3439,11.00726508648354
3440,84.40559234028433
3441,137.52722893461686
3442,2.5225338230109116
3443,655.651292778271
3444,182.89223759667613
3445,29.701270230977862
3446,6.5763261748635555
3447,1047.7817403214344
3448,178.52993299178152
3449,16.851710445899027
3450,63.212466796479596
3451,9.180927889618758
3452,10.180325465264792
3453,5.511102522789085
3454,22.110964737889656
3455,4.009856442137669
3456,211.72444564615225
3457,10.729925602284538
3458,30.87919937991206
3459,15.042385779397392
3460,7.112876910471713
3461,50.84487666996343
3462,29.43588611643558
3463,18.234685147144262
3464,6.812931700972743
3465,3.1878951952413233
3466,23.08908398367545
3467,11.213199464995395
3468,83.58493211535118
3469,19.541760308850783
3470,3.4644340992836358
3471,8.363691835014201
3472,9.749399619656918
3473,54.01891942170649
3474,97.02788183070774
3475,4.808889960220554
3476,65.75213257302053
3477,13.8380341961699
3478,53.642556630129576
3479,49.89652936028602
3480,2.37460283445301
3481,3.0536181509834446
3482,65.49429023907179
3483,58.31129993118208
3484,6.649430753324811
3485,16.167234638396877
3486,4.3126677193725245
3487,25.92404255630521
3488,6.426632122817739
3489,34.30946051966917
3490,3.8158189838116123
3491,45.63386528792941
3492,23.39061070912865
3493,5.708266939643867
3494,2.5570351323210843
3495,9.829478167978843
3496,5.650389611995238
3497,6.206711097135981
3498,5.33699090911458
3499,21.587572577473157
3500,10.736210414800698
3501,2.6093656884910317
3502,6.07219115245612
3503,9.787947399086612
3504,3.349198426985767
3505,1.4836908039725607
3506,16.873231249874276
3507,9.126159173964577
3508,2.1059439344970117
3509,3.115451966061914
3510,4.9117145081749
3511,8.841364444000167
3512,5.273531729235526
3513,12.935770313347305
3514,5.9057691158547705
3515,12.896605781228287
3516,62.98166947230145
3517,7.617332660076101
3518,6.021888159646847
3519,2.0330994822562594
3520,7.284702946918191
3521,23.17400922659093
3522,6.253637293389703
3523,3.899009481633345
3524,478.5661696916998
3525,194.4143827627846
3526,32.534854604275786
3527,45.581519199910964
3528,13.012712838046735
3529,122.09978953183159
3530,154.14059830264694
3531,7.770970125805908
3532,28.464470326923337
3533,6.902440948332305
3534,2.5285378554741285
3535,8.154429584658864
3536,4.4857983360442875
3537,56.33727164595646
3538,119.49746461929259
3539,90.9165068231522
3540,886.2860524337231
3541,324.5008236953814
3542,6.0789688289975645
3543,22.626171028196758
3544,40.12023028459344
3545,3.733605795284464
3546,82.2892640475624
3547,150.70030376711608
3548,18.09570659621616
3549,20.129670711875843
3550,7.476778056522028
3551,7.4584219913726075
3552,17.415715690632048
3553,267.03772644990784
3554,32.306343223658224
3555,236.6518154250976
3556,12.187604105541597
3557,21.81702690866604
3558,66.46603306719612
3559,16.452061719484266
3560,386.8051307650892
3561,146.4746895382425
3562,45.72631880799457
3563,10.30694102783562
3564,52.034435855024434
3565,3.7042967234872988
3566,9.357091725436264
3567,84.80781748144635
3568,100.17554099500839
3569,4.760103233765081
3570,41.39632939590149
3571,3.158274532894802
3572,3.4224708909437314
3573,14.812360312173533
3574,3.3217964417137584
3575,6.077274063194905
3576,29.735237557537623
3577,16.8821282084679
3578,104.42578217371972
3579,12.930417375030723
3580,19.440552351598797
3581,16.82735632380684
3582,10.041954385382972
3583,17.1326338954706
3584,29.211285108540995
3585,9.242704287287479
3586,16.591346807706323
3587,12.729506724166221
3588,92.65350364007142
3589,17.78445899037364
3590,9.707353136509077
3591,9.582140935890397
3592,3.2834767800584315
3593,10.792412139129093
3594,17.685056246712143
3595,173.72872342175464
3596,11.24863021630015
3597,21.253531815455926
3598,3.2066000479114507
3599,69.21766122741404
3600,88.29949145414463
3601,45.09917159914934
3602,9.113178614113503
3603,15.21674722078605
3604,20.38299812281523
3605,6.842107665046168
3606,11.580688345141926
3607,53.9911463148145
3608,6.874771948467235
3609,36.83176579949832
3610,4.048328600911216
3611,30.148907050070648
3612,90.51469720257063
3613,2.0623136725188034
3614,4.216737149630516
3615,25.181083397881515
3616,9.861312564251088
3617,15.28603882327963
3618,11.172735354622462
3619,40.94940398441042
3620,24.587474072402674
3621,34.10640599296792
3622,39.82245055818955
3623,43.498742056035425
3624,50.2976811094014
3625,42.05732045716333
3626,54.661189710964564
3627,290.3258226022549
3628,3.4319874158996786
3629,25.351893274377822
3630,6.7904378418066305
3631,2.006445164830085
3632,10.920965325995862
3633,8.118253289025022
3634,61.580725900853146
3635,15.85244558293863
3636,8.871077269536055
3637,148.27706216118347
3638,25.121807312443277
3639,13.153050632067492
3640,2.7854509212784744
3641,11.179711327693846
3642,32.45877081182271
3643,13.997547842778886
3644,12.561766150714659
3645,167.49764567617441
3646,29.260956411914268
3647,15.512479970012931
3648,244.00333479563196
3649,16.412179320693664
3650,4.8839691633414875
3651,2.885017865947721
3652,10.506331375514092
3653,24.116238454744636
3654,9.589010786002516
3655,18.75580931039934
3656,2.894072695382556
3657,43.026071659434024
3658,17.604071439164844
3659,6.43442362735893
3660,28.04908477766308
3661,16.269626504860412
3662,5.106394213076712
3663,5.681901635258068
3664,5.008610891023187
3665,1.8397020762272758
3666,1.2427601542146691
3667,80.51303938991775
3668,24.608938761126385
3669,37.58215945392343
3670,220.79737088415553
3671,59.164110297092904
3672,10.403907369248223
3673,708.7371105698004
3674,18.79185477181166
3675,322.8110554606433
3676,8.28474312524441
3677,4.840107640337224
3678,12.876374172106434
3679,11.639803726064315
3680,27.111480568496123
3681,4.619068083550598
3682,26.717718450806835
3683,7.468735715926647
3684,33.67998145800637
3685,5.619456285495831
3686,265.3771342224944
3687,4.987533907915397
3688,12.913174161333684
3689,2.127163013964207
3690,6.243925122670864
3691,124.8029350088806
3692,25.510520086368157
3693,1.900669952186254
3694,2.7361585871073233
3695,18.775929479701652
3696,46.46468980491421
3697,64.64415096316614
3698,9.685342598311632
3699,17.455822517925462
3700,18.44006068156981
3701,12.214488667337651
3702,51.492567807292744
3703,20.979073846049747
3704,9.987686435009726
3705,18.531270109699474
3706,3.4714749233386457
3707,21.556132626622265
3708,77.28986155813784
3709,2.551164449909842
3710,23.749501269159847
3711,9.539034863586945
3712,4.424238693584049
3713,11.56458605503528
3714,13.446753704758915
3715,67.40046213804027
3716,4.146193424471403
3717,2.4107808572720417
3718,333.5562751173404
3719,5.508800964457961
3720,611.8859249024104
3721,8.049818063410074
3722,4.317644088943055
3723,9.509308636978643
3724,10.896018586503063
3725,2.78600683116523
3726,3.7284948766783477
3727,74.05133350609258
3728,61.76997330079522
3729,148.24348155814073
3730,182.2339445407438
3731,110.08081637383243
3732,12.007409758883595
3733,12.055917247672191
3734,2.8198082795821913
3735,9.491720147163846
3736,32.33663567879081
3737,25.38136456897902
3738,4.167471070315359
3739,1.872564990236232
3740,78.91715776532962
3741,160.2435692263093
3742,21.354003561796254
3743,3.661125084027569
3744,716.1370881631819
3745,11.159389763805487
3746,128.4779425740185
3747,106.4031197688531
3748,56.890813638217125
3749,55.9152731955188
3750,5.1257335590858775
3751,110.22725755206919
3752,17.678041472171195
3753,281.9489474107457
3754,65.57557015182408
3755,60.33521809737081
3756,17.197101765486426
3757,2.9982167419051193
3758,12.869646562928999
3759,17.869549615314156
3760,30.34808914326147
